{
  "x": 18,
  "y": 16,
  "sigma": 2.5,
  "learning_rate": 0.1,
  "iterations": 2000,
  "qe": 0.6940353445908952,
  "te": 0.07245901639344265,
  "score": 0.7664943609843379
}